temperature,humidity,wind_speed,thermal_output
35.19,70.78,2.37,0.92
28.88,97.55,12.95,0.0
11.83,23.4,19.86,0.0
-4.44,93.42,13.11,0.0
37.04,27.37,13.27,5.95
44.54,65.48,19.68,0.54
6.99,27.54,7.65,0.0
42.09,30.46,3.76,10.5
35.38,45.22,4.72,6.27
22.59,38.08,5.35,0.15
-6.23,95.31,11.04,0.0
41.86,55.22,13.44,3.49
6.22,93.91,8.04,0.0
-1.42,71.89,2.12,0.0
22.06,70.09,15.88,0.0
20.18,46.04,7.37,0.0
43.98,62.32,18.66,4.0
31.39,22.47,13.08,5.22
21.33,44.96,10.82,0.0
33.41,95.08,2.82,0.0
32.7,54.97,5.72,2.86
19.92,58.12,2.56,0.0
5.52,88.12,11.07,0.0
24.09,84.86,17.88,0.0
11.15,26.24,4.47,0.0
-7.35,20.96,2.25,0.0
22.21,64.47,9.94,0.0
11.04,72.73,6.29,0.0
35.9,57.79,0.74,2.41
11.67,98.51,7.92,0.0
36.61,41.33,5.95,6.32
26.81,32.39,9.9,1.96
14.47,56.5,11.45,0.0
22.46,30.25,0.9,1.24
23.62,30.97,18.05,0.0
24.45,44.11,14.37,0.0
33.67,60.63,2.54,0.91
36.63,21.32,1.16,10.35
-4.04,43.31,11.83,0.0
16.91,28.09,5.6,0.0
-3.64,48.04,7.91,0.0
33.68,28.49,7.45,5.6
25.99,96.68,12.39,0.0
19.41,74.58,16.66,0.0
9.98,53.08,17.53,0.0
-9.93,51.41,2.04,0.0
40.7,25.01,5.66,10.24
7.2,98.25,18.49,0.0
42.76,89.27,5.21,0.67
12.21,20.56,12.96,0.0
-3.18,85.83,17.41,0.0
14.65,93.1,5.59,0.0
28.49,20.99,15.99,4.06
-4.7,65.93,2.47,0.0
7.12,50.44,6.95,0.0
13.49,92.04,18.02,0.0
14.62,67.27,2.38,0.0
15.16,24.39,17.84,0.0
21.34,92.12,4.75,0.0
17.99,64.97,16.64,0.0
38.93,71.04,9.64,0.4
42.84,51.81,10.98,6.41
3.5,98.47,3.56,0.0
20.54,27.05,7.37,0.0
18.31,68.09,17.16,0.0
2.67,34.6,0.13,0.0
-2.84,80.45,17.68,0.0
-9.43,86.32,7.22,0.0
31.06,31.09,16.81,1.09
44.5,34.67,4.89,12.87
31.84,26.91,9.35,4.13
24.57,23.17,0.86,4.3
24.81,84.15,5.12,0.0
21.77,33.83,18.24,0.0
16.91,55.26,19.21,0.0
0.25,33.8,17.62,0.0
5.29,48.73,7.63,0.0
23.57,80.65,7.65,0.0
40.21,75.68,6.53,0.96
-9.63,80.29,11.52,0.0
-9.98,58.89,5.97,0.0
16.48,76.3,9.15,0.0
41.33,50.33,14.2,2.72
6.47,34.02,2.47,0.0
12.46,94.4,9.81,0.0
37.22,42.25,4.12,6.02
8.34,62.64,12.58,0.0
31.86,73.35,9.24,0.0
10.13,29.06,7.62,0.0
23.75,61.89,17.08,0.0
13.67,20.27,11.24,0.0
-9.94,65.25,3.98,0.0
-1.36,57.8,1.39,0.0
42.57,45.59,4.61,7.23
15.4,28.94,19.9,0.0
4.26,90.06,15.24,0.0
32.38,65.95,16.15,0.0
40.35,23.6,13.24,8.36
38.67,95.26,11.92,0.0
30.35,26.6,14.98,4.05
26.75,85.97,10.82,0.0
35.99,95.78,15.21,0.0
4.89,84.44,19.08,0.0
-9.58,68.42,12.15,0.0
17.17,54.79,1.33,0.0
26.09,34.51,16.92,0.0
42.98,21.18,13.15,11.22
19.18,58.86,5.12,0.0
4.3,29.24,2.87,0.0
43.61,55.35,14.32,3.26
31.75,43.81,16.44,0.66
26.78,74.0,15.75,0.0
30.45,38.01,1.17,5.47
-4.73,62.82,4.57,0.0
0.21,88.2,17.02,0.0
18.69,90.44,5.56,0.0
20.25,45.0,16.59,0.0
18.72,92.88,19.36,0.0
44.34,92.19,12.73,0.15
0.22,94.11,5.77,0.0
32.85,86.91,16.14,0.0
12.76,27.25,16.32,0.0
40.33,69.32,7.14,1.07
10.79,92.56,3.54,0.0
39.62,76.99,9.87,0.0
-6.86,22.06,0.3,0.0
12.31,89.61,5.96,0.0
38.77,83.25,9.3,0.0
29.36,53.79,5.63,0.97
26.79,33.43,18.64,0.0
32.02,85.74,0.9,0.0
1.92,24.28,17.64,0.0
14.13,81.59,14.79,0.0
-8.97,70.59,7.37,0.0
-1.51,44.98,11.58,0.0
39.59,97.78,11.33,0.0
-6.75,39.51,12.38,0.0
14.83,57.23,8.45,0.0
43.1,92.02,15.29,0.0
19.77,95.33,19.43,0.0
31.3,84.49,17.16,0.0
21.33,97.72,1.58,0.0
1.94,90.18,4.26,0.0
18.08,45.58,12.26,0.0
35.73,34.21,13.15,6.21
24.85,44.9,11.82,0.0
4.03,83.89,2.4,0.0
-9.56,39.53,5.0,0.0
27.45,35.36,3.31,1.49
-6.73,22.62,12.1,0.0
30.84,59.21,0.09,0.55
25.43,99.94,7.63,0.0
17.85,99.82,13.16,0.0
22.39,80.29,4.41,0.0
-0.51,98.69,3.47,0.0
19.03,53.35,16.31,0.0
37.76,31.96,18.48,5.9
-5.64,31.8,4.24,0.0
28.01,33.19,8.76,2.18
16.81,68.78,8.96,0.0
40.7,41.55,1.94,8.56
44.3,74.75,17.13,0.67
12.92,93.2,4.65,0.0
38.69,62.84,16.33,1.54
-4.27,77.83,18.75,0.0
-7.41,90.27,19.56,0.0
13.57,43.75,8.59,0.0
10.34,43.19,16.71,0.0
36.86,30.88,12.99,4.87
10.62,88.31,12.55,0.0
1.39,58.31,3.7,0.0
13.7,82.74,7.2,0.0
29.55,83.39,17.39,0.0
32.36,86.91,1.71,0.0
40.77,21.97,14.45,9.1
9.45,89.64,12.77,0.0
31.0,95.8,15.57,0.0
19.29,32.38,4.8,0.0
43.63,92.33,15.75,0.0
33.15,23.05,2.72,9.09
40.46,30.1,13.27,7.81
24.42,90.81,18.92,0.0
26.47,28.46,16.31,0.0
-4.75,53.18,11.83,0.0
7.87,23.06,16.57,0.0
-4.78,43.82,18.07,0.0
-7.18,22.07,13.32,0.0
5.86,82.01,12.12,0.0
-5.33,23.0,5.5,0.0
39.37,40.19,17.96,5.03
19.0,29.35,2.12,0.0
40.04,53.85,1.51,6.16
-3.15,65.66,18.35,0.0
18.53,87.06,19.59,0.0
-0.32,69.37,14.94,0.0
9.85,38.6,5.77,0.0
6.72,27.45,8.86,0.0
6.03,40.14,13.38,0.0
-7.76,26.12,18.47,0.0
6.24,92.96,2.13,0.0
44.22,71.39,16.28,3.0
0.51,57.43,3.91,0.0
7.97,22.1,17.68,0.0
23.61,56.12,16.35,0.0
32.92,97.64,1.6,0.0
6.53,57.89,2.89,0.0
11.45,55.47,1.41,0.0
-7.61,67.41,7.63,0.0
41.84,45.73,9.87,6.83
37.43,26.06,17.53,4.16
10.78,74.94,9.51,0.0
29.05,58.23,19.46,0.0
-9.65,78.01,1.39,0.0
2.3,61.44,5.63,0.0
6.58,77.09,9.94,0.0
38.32,31.41,18.9,5.13
-5.47,39.28,16.44,0.0
14.1,78.25,3.45,0.0
-0.23,90.22,12.21,0.0
20.79,67.31,0.28,0.0
44.29,60.99,17.91,1.89
13.93,49.28,1.41,0.0
-1.03,50.45,11.06,0.0
-3.17,62.44,19.82,0.0
-7.76,77.16,2.84,0.0
0.07,45.69,16.04,0.0
-9.3,27.84,2.03,0.0
1.13,73.15,5.83,0.0
5.48,30.68,10.7,0.0
42.46,64.45,8.77,3.24
10.66,63.84,2.6,0.0
16.02,31.15,14.62,0.0
27.82,32.55,14.31,1.78
37.84,87.9,12.89,0.0
-7.29,84.15,15.22,0.0
9.12,25.89,13.76,0.0
28.2,48.48,6.56,0.36
21.26,39.79,18.57,0.0
17.12,26.11,17.42,0.0
18.52,43.77,4.68,0.0
10.33,45.38,6.01,0.0
8.79,98.52,5.31,0.0
26.97,98.4,5.18,0.0
1.98,58.18,14.96,0.0
24.97,64.02,2.4,0.0
25.29,98.19,6.08,0.0
17.04,30.29,9.43,0.0
20.17,33.5,10.57,0.0
11.59,82.67,5.51,0.0
0.41,91.88,9.87,0.0
-1.29,67.28,16.38,0.0
42.28,56.77,8.99,4.18
18.7,57.2,13.34,0.0
-3.37,59.97,17.9,0.0
13.81,53.62,7.56,0.0
-9.8,65.58,2.36,0.0
7.19,42.23,3.34,0.0
34.19,81.17,1.14,0.0
12.69,56.42,2.37,0.0
32.8,48.09,9.12,2.79
-0.77,53.41,5.68,0.0
19.57,79.55,8.61,0.0
-4.17,41.49,9.81,0.0
14.1,44.72,13.45,0.0
7.53,79.78,10.56,0.0
6.62,21.72,14.54,0.0
19.03,54.81,6.19,0.0
-4.13,58.65,5.42,0.0
40.25,32.63,18.52,4.65
28.15,84.08,1.18,0.0
-6.38,71.1,15.76,0.0
36.48,50.23,6.0,5.24
29.11,77.97,8.77,0.0
43.88,78.6,5.98,3.88
-5.23,93.55,10.89,0.0
27.91,67.95,14.5,0.0
23.72,81.25,0.96,0.0
3.75,80.67,1.14,0.0
7.97,53.42,10.08,0.0
-1.61,78.81,11.31,0.0
29.03,21.6,10.82,2.15
38.88,80.36,19.46,0.0
-2.54,33.56,2.05,0.0
28.68,96.77,8.01,0.0
-6.78,24.15,15.75,0.0
30.61,43.09,12.56,1.26
2.98,27.46,6.15,0.0
32.34,94.25,18.31,0.0
-9.89,88.43,0.22,0.0
19.56,59.5,16.05,0.0
-7.77,39.79,10.63,0.0
40.94,55.1,14.78,3.51
-1.36,21.04,16.7,0.0
41.5,38.7,7.54,9.86
18.4,68.73,10.99,0.0
39.06,30.72,13.49,6.34
-2.6,35.56,10.72,0.0
-9.89,43.12,1.18,0.0
41.3,38.45,18.8,7.21
35.29,50.06,1.99,3.85
-7.37,20.14,1.32,0.0
-6.85,92.96,13.46,0.0
-8.01,42.18,0.03,0.0
36.24,42.55,10.44,5.62
44.56,24.47,15.72,11.07
43.48,87.99,18.73,0.0
4.01,73.55,6.63,0.0
10.07,96.73,6.11,0.0
27.36,40.94,11.68,0.0
41.5,62.83,7.88,5.39
-8.86,35.31,16.35,0.0
9.32,96.34,9.12,0.0
28.03,33.51,19.16,0.0
-5.38,34.44,2.12,0.0
36.8,97.66,10.11,0.0
-2.63,93.51,19.97,0.0
0.8,30.22,18.09,0.0
36.43,79.37,8.09,0.0
32.52,23.1,2.22,9.02
43.26,58.29,7.77,4.68
7.77,53.39,9.76,0.0
0.15,31.17,0.82,0.0
16.32,27.82,17.65,0.0
34.78,48.34,5.46,3.47
12.65,66.72,5.49,0.0
38.57,30.21,18.86,4.84
-8.2,46.05,8.54,0.0
21.86,77.76,2.64,0.0
13.61,81.8,9.56,0.0
26.84,65.42,4.47,0.0
16.33,85.77,2.37,0.0
24.1,64.74,15.53,0.0
0.13,93.79,0.61,0.0
17.71,66.52,5.9,0.0
12.99,34.45,6.22,0.0
27.78,66.29,6.59,0.0
2.25,85.02,10.9,0.0
6.77,61.8,8.61,0.0
29.6,72.43,13.71,0.0
35.12,52.28,1.36,4.94
25.11,22.28,1.65,3.69
22.17,58.99,13.58,0.0
33.74,81.53,3.24,0.0
36.21,72.04,7.1,0.0
-2.26,34.43,0.07,0.0
-1.33,77.21,19.33,0.0
41.0,58.82,10.61,2.99
36.19,75.82,7.42,0.32
30.76,27.1,1.97,5.09
21.62,49.76,5.51,0.0
19.86,74.6,17.68,0.0
29.67,85.8,16.11,0.0
30.71,69.41,11.89,0.0
38.73,33.09,1.65,10.61
1.26,60.79,18.09,0.0
22.53,91.36,13.01,0.0
35.68,40.49,7.43,4.95
43.26,58.69,18.57,3.77
39.02,76.13,6.83,0.0
29.37,20.41,2.18,5.56
2.21,89.9,1.56,0.0
1.71,83.29,0.6,0.0
35.89,61.68,18.32,0.0
0.53,84.62,19.79,0.0
16.26,26.99,9.72,0.0
23.14,72.57,5.95,0.0
32.63,21.58,7.64,8.02
2.88,36.26,7.39,0.0
16.0,94.41,16.78,0.0
41.48,44.19,17.4,4.67
-5.18,32.68,16.48,0.0
19.49,59.46,10.12,0.0
8.79,77.77,13.8,0.0
3.23,96.0,18.06,0.0
44.2,83.38,17.77,0.0
4.79,25.08,7.19,0.0
-5.57,68.26,18.99,0.0
20.13,26.34,11.22,0.0
8.4,79.33,0.56,0.0
6.41,41.74,4.65,0.0
-2.17,89.36,18.1,0.0
44.35,63.57,8.58,3.6
10.18,64.67,19.94,0.0
-4.48,28.36,8.71,0.0
2.84,30.05,9.12,0.0
-2.28,81.27,7.16,0.0
41.59,87.49,9.31,0.0
23.21,82.92,5.75,0.0
15.07,41.71,12.31,0.0
43.22,57.72,1.59,6.81
4.87,59.84,19.72,0.0
28.01,29.55,3.67,5.62
8.4,26.24,2.95,0.0
9.92,51.68,5.36,0.0
8.72,39.42,18.72,0.0
36.83,46.58,17.14,1.17
-4.89,63.58,17.4,0.0
1.22,33.43,2.79,0.0
7.19,37.44,5.84,0.0
4.39,22.22,10.37,0.0
27.0,66.87,8.39,0.0
41.07,88.52,9.86,0.0
15.96,95.79,15.6,0.0
-0.54,97.19,3.01,0.0
4.84,39.15,10.56,0.0
3.64,99.06,4.96,0.0
43.41,32.95,19.38,7.29
0.52,95.01,18.48,0.0
-3.26,97.43,7.62,0.0
4.01,84.54,2.97,0.0
28.06,46.93,18.07,0.0
7.91,57.07,0.37,0.0
29.75,42.81,19.04,0.0
43.25,54.44,5.42,6.5
35.9,47.95,17.92,1.76
12.5,38.18,2.21,0.0
21.74,36.7,12.76,0.0
0.12,36.39,18.95,0.0
0.76,40.02,14.06,0.0
16.61,39.32,9.53,0.0
11.95,72.93,6.39,0.0
26.69,78.68,7.42,0.0
28.82,79.15,15.34,0.0
20.49,38.2,10.47,0.0
29.36,69.96,16.8,0.0
16.9,26.08,12.36,0.0
12.53,78.49,17.03,0.0
10.65,41.63,1.66,0.0
39.47,31.5,11.74,9.28
15.48,82.61,17.03,0.0
-2.77,29.13,4.81,0.0
35.94,97.42,7.29,0.0
0.49,85.39,7.62,0.0
-6.93,39.34,2.63,0.0
31.81,77.79,6.39,0.0
20.67,94.69,12.55,0.0
29.11,96.92,14.0,0.0
4.18,63.22,11.52,0.0
15.09,93.88,4.27,0.0
-2.79,26.52,16.24,0.0
25.18,22.21,16.14,1.17
43.38,52.64,1.39,10.36
23.19,65.13,11.74,0.0
22.83,69.67,9.28,0.0
4.61,24.62,1.41,0.0
-0.74,53.62,14.96,0.0
6.82,58.16,5.15,0.0
-1.81,70.17,7.22,0.0
-2.01,77.31,12.44,0.0
32.3,69.02,3.54,0.0
38.98,55.86,15.9,1.19
44.13,55.04,11.53,8.0
15.11,84.55,11.72,0.0
26.99,23.65,4.41,5.25
8.25,42.36,12.16,0.0
-8.01,34.15,2.49,0.0
7.24,98.52,8.54,0.0
34.28,86.5,17.63,0.0
-0.89,30.04,0.28,0.0
-9.67,68.1,8.66,0.0
24.68,44.23,4.78,0.0
38.82,34.47,14.61,6.0
-7.77,68.83,11.66,0.0
5.15,65.89,11.3,0.0
-1.72,92.61,5.2,0.0
4.38,43.24,2.99,0.0
26.65,77.74,13.67,0.0
34.53,40.53,13.46,4.29
-5.12,65.49,3.28,0.0
-4.01,38.12,13.83,0.0
18.06,87.63,11.58,0.0
4.95,84.71,12.82,0.0
16.37,84.53,6.14,0.0
42.26,84.64,1.05,3.91
24.13,62.84,14.79,0.0
4.52,43.14,10.31,0.0
34.05,76.24,3.26,0.0
11.61,77.09,11.09,0.0
24.69,80.45,6.51,0.0
12.56,86.87,12.42,0.0
9.06,49.72,11.9,0.0
-0.33,80.66,10.23,0.0
39.65,24.35,4.89,12.51
-5.78,98.28,3.89,0.0
23.42,30.94,5.36,0.66
-5.8,52.01,0.15,0.0
39.67,73.08,5.19,2.54
19.62,46.27,17.97,0.0
-0.39,81.44,18.01,0.0
25.96,27.48,9.0,2.92
25.92,48.74,5.44,0.0
15.77,31.0,10.01,0.0
-5.71,82.3,2.45,0.0
15.9,98.83,13.38,0.0
43.54,84.95,11.59,0.53
42.43,86.81,11.61,0.0
32.76,34.64,0.72,8.13
14.62,57.88,6.82,0.0
34.79,37.66,12.58,3.55
-8.06,69.57,15.97,0.0
43.66,28.98,17.86,7.79
33.29,40.75,3.83,5.49
25.79,74.12,11.65,0.0
-7.49,72.17,2.13,0.0
-7.15,80.26,12.79,0.0
-7.96,79.49,7.81,0.0
16.17,34.92,10.78,0.0
5.73,75.8,16.09,0.0
5.27,69.01,16.68,0.0
15.74,97.45,2.19,0.0
34.61,79.63,14.41,0.0
7.85,69.67,5.28,0.0
39.63,93.22,6.5,0.0
26.6,28.22,11.11,2.72
5.5,35.74,11.68,0.0
11.86,23.52,8.49,0.0
5.91,78.16,15.5,0.0
41.52,41.24,4.95,9.3
38.23,78.0,17.75,0.0
11.26,65.39,16.64,0.0
6.47,85.36,10.07,0.0
23.2,97.59,17.33,0.0
10.06,45.23,19.64,0.0
42.18,29.87,0.99,12.63
32.17,23.16,9.23,3.95
8.26,35.11,18.03,0.0
26.09,30.53,16.99,0.0
19.2,94.38,1.49,0.0
-8.01,46.48,7.58,0.0
13.6,89.06,4.32,0.0
25.0,56.93,11.1,0.0
17.06,45.26,12.96,0.0
28.85,58.98,2.79,0.0
42.23,65.94,14.37,3.32
24.34,76.86,2.48,0.0
38.95,41.18,6.78,7.75
37.94,86.45,4.53,0.0
2.05,34.1,4.71,0.0
31.3,74.54,4.03,0.0
-0.29,37.64,7.93,0.0
23.71,99.59,2.55,0.0
11.92,20.67,12.69,0.0
0.85,56.25,18.93,0.0
-2.39,38.02,7.63,0.0
15.4,43.48,17.23,0.0
29.93,82.73,14.7,0.0
0.41,70.97,17.84,0.0
25.0,48.46,16.5,0.0
26.64,46.75,18.49,0.0
9.25,49.78,15.59,0.0
-1.02,64.9,1.14,0.0
-6.26,65.38,5.93,0.0
9.03,81.06,17.47,0.0
34.32,77.89,5.59,0.0
-3.84,64.68,9.12,0.0
37.32,70.04,18.22,0.0
40.34,86.55,19.17,0.0
18.52,75.43,1.25,0.0
30.48,79.57,9.37,0.0
-2.1,98.89,3.29,0.0
22.87,46.43,3.24,0.0
34.08,39.04,14.32,0.81
-2.5,39.95,15.6,0.0
-0.57,83.08,7.98,0.0
10.9,78.66,8.22,0.0
34.62,99.57,5.31,0.0
33.0,48.64,12.06,0.0
1.15,27.82,7.81,0.0
15.5,75.12,7.58,0.0
5.16,39.44,0.92,0.0
-2.59,21.51,16.67,0.0
32.14,64.22,18.39,0.0
40.4,95.96,13.89,0.0
0.21,27.42,6.64,0.0
-5.2,58.77,16.05,0.0
38.0,86.35,13.62,0.0
27.03,99.97,5.31,0.0
19.9,29.8,3.57,0.0
16.47,66.69,3.31,0.0
40.94,38.87,4.73,8.35
13.55,72.32,11.71,0.0
11.31,89.87,3.08,0.0
10.79,68.93,18.95,0.0
33.59,24.54,18.14,2.95
39.26,65.99,16.33,0.0
15.37,67.8,6.49,0.0
10.7,20.73,12.38,0.0
-2.64,87.0,16.25,0.0
20.38,62.03,1.6,0.0
-2.4,26.25,9.59,0.0
33.14,81.48,5.57,0.0
6.43,42.22,1.4,0.0
3.38,38.58,13.91,0.0
-4.97,82.18,10.9,0.0
15.84,87.15,16.7,0.0
18.19,61.16,14.38,0.0
13.84,23.16,12.37,0.0
36.18,22.09,14.57,6.01
40.26,71.23,16.34,0.0
13.52,24.12,10.64,0.0
41.03,76.05,14.86,0.0
37.72,68.64,8.46,0.0
26.15,89.4,1.66,0.0
-8.51,96.99,11.49,0.0
38.41,80.07,15.71,0.0
32.86,95.62,12.92,0.0
-7.85,38.99,11.34,0.0
4.36,74.59,6.54,0.0
-3.95,34.59,8.55,0.0
31.44,67.76,5.79,0.0
15.74,74.41,4.26,0.0
-7.07,22.82,0.84,0.0
34.24,96.79,6.74,0.0
19.77,20.1,1.78,0.0
9.46,56.46,0.45,0.0
26.1,43.21,11.01,0.0
24.23,41.16,11.23,0.0
29.4,89.19,2.86,0.0
29.76,82.29,19.45,0.0
10.05,87.51,12.64,0.0
23.71,31.91,19.5,0.0
35.72,73.38,16.06,0.0
-3.54,62.82,4.0,0.0
30.21,25.93,8.73,4.38
-4.67,83.37,11.5,0.0
18.19,95.8,13.51,0.0
36.75,50.59,3.47,6.54
31.38,36.58,10.35,3.06
10.69,84.24,7.69,0.0
18.21,78.92,7.17,0.0
44.9,79.59,9.62,0.77
2.53,87.61,10.78,0.0
22.01,49.57,16.36,0.0
16.85,29.41,17.71,0.0
17.99,68.78,15.28,0.0
24.83,78.93,7.85,0.0
-3.05,53.62,6.69,0.0
13.0,92.13,15.2,0.0
14.84,39.17,19.0,0.0
40.01,80.1,17.61,0.0
-4.05,68.43,13.25,0.0
24.11,47.58,15.88,0.0
20.17,60.67,6.58,0.0
-1.66,26.73,11.44,0.0
43.94,37.15,2.96,10.29
-2.99,36.89,13.25,0.0
29.96,21.31,11.16,5.62
29.52,86.34,14.73,0.0
-3.71,47.27,8.37,0.0
23.22,36.92,3.81,0.25
-1.44,65.7,10.39,0.0
31.51,83.57,16.94,0.0
-6.95,59.6,3.16,0.0
15.45,31.59,12.36,0.0
17.22,91.09,13.59,0.0
28.97,60.2,10.22,0.0
5.3,42.15,15.7,0.0
18.68,82.75,19.55,0.0
0.86,98.91,6.36,0.0
44.96,92.1,15.3,0.0
-4.98,46.9,10.59,0.0
25.56,22.81,12.42,1.3
0.69,37.37,3.14,0.0
22.07,42.86,4.65,0.0
-2.23,94.34,5.52,0.0
28.12,68.96,13.32,0.0
13.77,39.48,0.09,0.0
13.31,90.35,9.37,0.0
30.79,52.71,3.77,0.0
7.53,40.8,6.73,0.0
13.37,76.3,15.57,0.0
10.71,74.08,5.51,0.0
3.99,48.63,11.05,0.0
36.07,29.92,10.43,8.12
23.83,53.49,0.01,0.0
-0.2,33.5,2.08,0.0
13.67,30.99,19.03,0.0
1.8,53.31,3.21,0.0
14.69,67.8,17.62,0.0
34.76,30.82,19.3,2.08
34.24,39.65,11.05,5.0
2.01,37.31,17.91,0.0
28.07,57.29,7.27,0.0
24.25,98.0,18.29,0.0
9.25,67.4,6.11,0.0
3.43,78.13,15.7,0.0
8.05,88.41,12.51,0.0
41.5,73.02,9.81,1.87
10.02,69.38,15.67,0.0
21.93,38.83,11.77,0.0
2.79,39.3,11.32,0.0
43.89,99.01,10.84,0.0
-4.5,30.0,0.14,0.0
32.94,27.15,17.63,4.98
-7.32,85.18,2.61,0.0
12.26,62.86,9.86,0.0
2.86,90.02,11.53,0.0
-4.89,94.83,14.6,0.0
-3.19,35.31,5.74,0.0
15.72,38.61,18.28,0.0
13.73,76.87,0.22,0.0
31.38,38.04,9.64,1.65
14.24,27.55,6.81,0.0
-3.98,56.16,9.01,0.0
34.28,31.66,7.04,7.47
27.68,72.83,4.76,0.0
24.37,25.93,6.72,0.0
32.19,72.4,7.78,0.0
34.5,58.11,15.31,0.0
41.3,96.15,11.38,0.0
38.35,30.24,8.47,7.75
16.96,46.21,18.79,0.0
33.17,73.86,16.05,0.0
4.57,90.34,9.54,0.0
22.72,43.07,7.34,0.0
33.71,94.9,11.15,0.0
-0.62,40.05,12.46,0.0
5.78,31.75,19.37,0.0
38.11,70.34,3.17,1.89
40.42,52.14,2.4,6.4
30.94,86.91,1.13,0.0
37.91,20.11,10.75,7.73
14.53,96.19,14.48,0.0
-7.22,96.88,18.24,0.0
41.69,77.91,14.52,0.0
6.65,39.58,8.21,0.0
13.13,34.35,4.08,0.0
22.44,88.06,14.83,0.0
0.52,99.3,9.46,0.0
37.44,39.33,4.74,5.92
12.02,78.22,2.23,0.0
26.35,95.5,8.79,0.0
41.14,37.95,15.32,5.65
20.34,70.34,8.77,0.0
7.81,72.95,13.28,0.0
44.61,38.54,2.28,13.51
-7.93,93.0,6.34,0.0
8.5,36.6,11.51,0.0
28.28,38.54,15.53,0.0
6.89,60.19,8.9,0.0
17.36,26.02,8.37,0.0
26.09,65.91,10.93,0.0
33.33,65.45,8.19,0.0
-4.0,96.42,0.08,0.0
22.16,41.56,13.01,0.0
32.67,25.24,3.91,6.77
1.81,90.82,13.48,0.0
-3.23,50.92,0.94,0.0
42.21,70.66,2.68,2.61
31.52,88.21,8.32,0.0
13.09,38.57,13.35,0.0
31.78,87.01,13.87,0.0
33.87,35.6,11.35,5.51
22.29,77.15,17.45,0.0
-5.63,35.19,17.7,0.0
6.72,46.63,7.12,0.0
34.3,94.62,11.42,0.0
33.08,65.09,7.22,0.0
32.52,38.57,11.41,2.24
-9.49,57.87,3.37,0.0
1.76,28.57,3.08,0.0
25.54,98.91,14.76,0.0
12.95,86.9,3.91,0.0
31.66,56.7,14.58,0.0
-9.15,80.5,0.17,0.0
-6.89,79.05,13.8,0.0
40.88,62.77,15.04,0.0
2.45,20.24,11.02,0.0
16.91,52.99,0.82,0.0
36.98,57.24,4.1,5.41
44.92,30.06,8.58,13.34
40.07,82.51,2.94,0.07
-1.28,84.82,0.39,0.0
25.94,21.55,11.34,3.79
43.8,60.47,14.18,4.11
42.5,39.49,13.9,8.01
10.63,91.4,2.26,0.0
42.89,35.08,12.57,10.86
24.35,69.18,16.77,0.0
44.14,83.73,19.55,0.0
38.41,34.46,7.1,6.29
12.48,42.91,1.76,0.0
22.23,57.81,14.95,0.0
40.3,65.44,13.65,0.0
-3.47,62.03,18.97,0.0
-0.01,30.2,10.37,0.0
3.87,72.45,5.42,0.0
-9.56,74.58,12.17,0.0
25.52,75.13,7.33,0.0
8.81,93.08,12.54,0.0
-3.61,36.16,7.9,0.0
18.64,97.21,15.49,0.0
22.14,44.19,15.3,0.0
25.47,30.68,5.17,0.65
38.99,42.25,17.81,4.96
-3.88,30.6,10.76,0.0
23.47,76.35,7.59,0.0
44.81,97.0,14.52,0.0
-0.96,55.31,11.51,0.0
12.51,55.48,0.52,0.0
23.33,36.96,12.07,0.0
18.49,97.12,19.24,0.0
2.27,54.4,4.33,0.0
-5.28,55.76,11.04,0.0
5.03,54.78,2.7,0.0
23.59,75.41,8.36,0.0
0.6,34.03,1.33,0.0
6.29,98.07,2.33,0.0
11.03,68.44,12.82,0.0
31.2,76.26,15.49,0.0
36.04,25.17,10.13,9.33
6.04,97.16,15.33,0.0
-3.08,69.46,14.49,0.0
-8.42,31.19,4.02,0.0
24.4,50.37,5.91,0.0
27.37,63.07,4.72,0.0
28.37,83.49,16.37,0.0
38.58,46.64,3.15,8.53
-3.67,63.19,17.85,0.0
1.54,73.05,2.98,0.0
30.44,87.81,16.4,0.0
-8.88,41.09,17.37,0.0
14.76,67.57,9.17,0.0
-3.41,63.2,17.8,0.0
-1.29,72.45,10.13,0.0
-7.07,91.99,8.14,0.0
0.05,37.86,12.63,0.0
35.96,34.93,16.19,4.17
40.47,34.64,16.09,5.23
2.38,32.32,14.07,0.0
28.74,40.11,16.97,0.0
4.96,40.46,5.45,0.0
10.25,49.27,18.03,0.0
40.48,75.73,2.27,2.39
43.65,30.55,19.39,6.58
24.34,31.61,7.49,1.65
-8.94,26.06,12.43,0.0
-2.85,63.49,4.37,0.0
-7.42,94.06,2.01,0.0
-8.74,45.83,5.26,0.0
-3.67,37.36,15.72,0.0
30.12,38.68,10.83,1.31
37.58,91.98,5.1,0.0
43.49,61.29,16.66,1.56
26.5,32.48,12.83,0.0
42.9,21.91,4.11,12.41
29.78,86.54,4.7,0.0
20.07,66.02,15.3,0.0
12.89,78.31,8.33,0.0
-6.0,83.11,10.3,0.0
7.87,22.32,6.36,0.0
0.76,96.72,19.54,0.0
14.68,58.52,9.84,0.0
20.61,82.8,19.81,0.0
4.47,70.8,13.31,0.0
-8.54,92.15,2.54,0.0
33.22,31.83,10.11,4.26
32.31,77.34,18.35,0.0
19.85,93.36,9.57,0.0
40.36,44.67,5.03,7.91
5.69,99.84,19.47,0.0
1.45,97.89,0.11,0.0
3.27,38.77,16.31,0.0
16.98,80.86,17.51,0.0
21.41,69.04,7.77,0.0
-5.02,81.68,17.63,0.0
5.61,51.21,14.63,0.0
0.25,29.94,4.58,0.0
-9.39,28.14,5.01,0.0
21.11,49.74,11.73,0.0
0.68,97.58,10.5,0.0
23.72,89.45,8.68,0.0
3.21,92.73,0.59,0.0
20.69,80.28,10.48,0.0
26.2,43.64,14.32,0.0
40.66,26.93,3.84,10.95
-3.41,75.62,8.64,0.0
-8.35,46.15,13.15,0.0
25.67,97.82,16.88,0.0
-0.86,33.94,7.06,0.0
18.49,37.29,13.55,0.0
29.13,66.53,16.56,0.0
32.81,80.42,19.27,0.0
17.48,67.17,15.58,0.0
24.6,52.96,16.79,0.0
7.39,75.86,16.89,0.0
10.29,96.82,1.55,0.0
25.86,53.75,14.86,0.0
2.91,39.4,15.38,0.0
5.29,67.44,14.53,0.0
8.41,92.18,6.71,0.0
6.64,93.67,10.9,0.0
-3.68,26.37,13.4,0.0
14.6,72.58,12.94,0.0
42.4,29.83,1.57,13.48
11.82,65.22,15.37,0.0
-8.41,60.92,19.6,0.0
12.14,66.09,1.02,0.0
4.92,41.83,12.71,0.0
11.41,64.23,5.29,0.0
30.13,39.51,0.36,3.92
-2.28,34.56,1.99,0.0
31.91,67.17,2.54,0.0
17.43,99.3,8.5,0.0
-9.39,86.5,14.16,0.0
37.92,52.53,17.06,1.17
42.53,23.0,18.56,9.96
36.51,95.52,18.76,0.0
44.81,52.64,5.99,8.94
33.59,21.78,2.31,10.34
-9.04,78.95,8.09,0.0
34.58,94.29,1.88,0.0
-1.98,92.69,18.71,0.0
-0.16,42.75,8.71,0.0
17.99,43.81,13.55,0.0
-9.07,70.77,18.41,0.0
-7.24,51.99,3.34,0.0
37.33,89.6,4.56,0.0
30.55,93.43,11.46,0.0
15.77,83.52,19.08,0.0
-7.25,52.23,2.05,0.0
15.14,68.42,14.27,0.0
2.22,56.14,5.3,0.0
6.37,93.21,13.43,0.0
41.59,79.79,3.64,2.78
39.1,61.16,7.37,3.41
1.82,52.78,14.09,0.0
22.18,69.44,13.93,0.0
28.25,89.54,3.29,0.0
-0.93,83.39,4.92,0.0
-5.94,72.49,2.99,0.0
21.34,51.81,5.14,0.0
-7.95,46.49,16.37,0.0
-3.5,30.34,14.99,0.0
42.54,79.98,11.26,0.0
1.86,61.0,4.41,0.0
44.36,43.26,2.24,9.47
40.28,44.7,6.14,8.45
-3.41,35.07,10.54,0.0
-1.54,22.66,12.36,0.0
17.14,47.54,8.18,0.0
41.69,22.81,9.34,11.09
28.18,98.49,4.16,0.0
-9.14,77.67,12.45,0.0
32.07,50.03,6.95,2.9
26.12,80.85,13.21,0.0
22.07,92.97,14.58,0.0
44.54,89.75,10.16,1.13
4.89,57.5,2.7,0.0
13.8,75.09,17.92,0.0
-1.87,41.43,15.42,0.0
3.4,80.81,3.2,0.0
-1.27,61.62,12.42,0.0
35.31,64.09,14.91,0.0
15.35,37.21,13.84,0.0
0.41,34.64,19.8,0.0
-1.78,82.23,5.02,0.0
14.94,56.61,18.26,0.0
22.17,55.59,6.52,0.0
18.88,22.38,0.43,0.82
6.64,99.69,6.6,0.0
30.91,36.92,7.74,1.33
16.03,41.9,2.84,0.0
36.53,57.65,18.72,0.06
19.58,60.21,9.52,0.0
10.5,43.35,8.35,0.0
-7.07,39.56,0.92,0.0
14.66,76.15,2.83,0.0
31.66,45.58,7.33,0.0
26.04,66.6,19.18,0.0
20.21,74.27,2.77,0.0
-6.08,93.31,7.85,0.0
20.4,50.02,9.92,0.0
28.91,51.38,17.16,0.0
2.72,65.83,17.4,0.0
41.72,80.84,8.84,0.0
32.04,69.18,10.23,0.0
13.92,94.66,19.15,0.0
43.96,42.71,0.57,12.74
7.4,20.23,9.35,0.0
13.62,71.58,10.22,0.0
7.34,82.25,9.79,0.0
35.5,53.29,16.91,0.0
16.15,70.0,8.61,0.0
-4.78,38.83,2.81,0.0
34.04,66.69,17.18,0.0
35.26,40.98,8.54,5.96
11.27,81.87,8.46,0.0
16.4,85.35,14.86,0.0
-1.11,77.84,4.73,0.0
-8.97,96.18,10.11,0.0
-7.33,31.23,16.47,0.0
3.71,55.58,13.87,0.0
42.9,92.51,11.35,0.0
11.08,92.8,5.41,0.0
39.64,22.65,6.2,11.42
-4.23,36.52,9.02,0.0
2.83,22.98,3.29,0.0
37.8,56.99,10.08,1.32
9.26,21.22,2.62,0.0
